,position,contig,Basecall_Reactivity,Quality,Mismatch,Deletion,Insertion,Aligned_Reads,Sequence
0,0,FMN,-1.0,0.0,-1.0,-1.0,-1.0,0,G
1,1,FMN,-1.0,0.0,-1.0,-1.0,-1.0,0,G
2,2,FMN,0.0,13.6,0.0,0.0,0.0,5,A
3,3,FMN,0.2,33.6,0.0,0.0,0.2,5,T
4,4,FMN,-1.0,0.0,-1.0,-1.0,-1.0,0,C
5,5,FMN,-1.0,0.0,-1.0,-1.0,-1.0,0,T
6,6,FMN,0.3333333333333333,25.0,0.3333333333333333,0.0,0.0,3,T
7,7,FMN,0.0,30.75,0.0,0.0,0.0,4,C
8,8,FMN,0.0975609756097561,28.228048780487804,0.05853658536585366,0.00853658536585366,0.03048780487804878,820,G
9,9,FMN,0.010464355788096796,27.860039241334206,0.004905166775670372,0.0032701111837802484,0.002289077828646174,3058,G
10,10,FMN,0.009989102796948783,27.185797312023247,0.004903741373047585,0.0010897203051216855,0.003995641118779513,5506,G
11,11,FMN,0.00034042553191489364,27.110468085106383,0.00034042553191489364,0.0,0.0,5875,G
12,12,FMN,0.014372581536760642,26.867606412382532,0.0002763957987838585,0.0012437810945273632,0.01285240464344942,7236,C
13,13,FMN,0.3955237242614145,26.96812891674127,0.0007162041181736795,0.03527305282005372,0.3595344673231871,5585,A
14,14,FMN,0.007071445988783224,27.579614728115093,0.001706900755913192,0.000487685930260912,0.00487685930260912,4101,G
15,15,FMN,0.0031469377874606633,27.59767610748003,0.0002420721374969741,0.002904865649963689,0.0,4131,G
16,16,FMN,0.002077922077922078,27.84961038961039,0.0005194805194805195,0.0015584415584415584,0.0,3850,G
17,17,FMN,0.0032618825722274,27.00869835352594,0.002019260639950295,0.0009319664492078285,0.00031065548306927616,6438,T
18,18,FMN,0.16376995902218455,26.96820686731666,0.00014130281192595732,0.01582591493570722,0.14780274127455137,7077,G
19,19,FMN,0.002037414335988146,27.398221892943138,0.0009260974254491572,0.00018521948508983145,0.0009260974254491572,5399,A
20,20,FMN,0.15425297487880124,27.396209784045833,0.00022036139268400177,0.005068312031732041,0.1489643014543852,4538,A
21,21,FMN,0.30819434372733867,28.694706308919507,0.116751269035533,0.010877447425670777,0.18056562726613487,1379,A
22,22,FMN,0.08881578947368421,28.450246710526315,0.008223684210526315,0.019325657894736843,0.06126644736842105,2432,T
23,23,FMN,0.45085803432137284,29.898595943837755,0.062402496099843996,0.0015600624024961,0.3868954758190328,641,T
24,24,FMN,0.10295434198746643,29.96598030438675,0.019695613249776187,0.0,0.08325872873769025,1117,C
25,25,FMN,0.0019315673289183224,29.63051876379691,0.0002759381898454746,0.0,0.0016556291390728477,3624,C
26,26,FMN,0.003416557161629435,29.21892247043364,0.0007884362680683311,0.0010512483574244415,0.0015768725361366622,3805,C
27,27,FMN,0.0021892893230043785,27.855170090939712,0.0,0.0013472549680026945,0.000842034355001684,5938,G
28,28,FMN,0.0922648637900179,27.948896400874926,0.0,0.000994233446013124,0.09127063034400477,5029,A
29,29,FMN,0.03723958333333333,29.30703125,0.0036458333333333334,0.030729166666666665,0.002864583333333333,3840,C
30,30,FMN,0.07962413452027696,31.27893175074184,0.07270029673590504,0.001483679525222552,0.005440158259149357,2022,C
31,31,FMN,0.06869565217391305,29.5031884057971,0.0663768115942029,0.0002898550724637681,0.002028985507246377,3450,G
32,32,FMN,0.006791171477079796,27.18081494057725,0.0022637238256932655,0.001697792869269949,0.0028296547821165816,3534,G
33,33,FMN,0.007955077211043519,27.93526750896896,0.0012478552487911402,0.0018717828731867104,0.0048354390890656684,6411,T
34,34,FMN,0.0028559771521827824,27.161838705290357,0.00027199782401740786,0.0005439956480348157,0.002039983680130559,7353,G
35,35,FMN,0.15317877968994453,27.288152467643293,0.0005689091167685962,0.0029867728630351303,0.14962309771014082,7031,G
36,36,FMN,0.0071246819338422395,28.126717557251908,0.00033927056827820186,0.0030534351145038168,0.0037319762510602205,5895,T
37,37,FMN,0.0059104981705600905,28.304249929636928,0.0,0.001125809175344779,0.004784688995215311,3553,A
38,38,FMN,0.014898255813953489,28.184593023255815,0.0029069767441860465,0.0009084302325581395,0.011082848837209303,5504,T
39,39,FMN,0.005141843971631205,28.27145390070922,0.004078014184397163,0.0,0.0010638297872340426,5640,A
40,40,FMN,0.010854816824966078,27.057259158751695,0.000271370420624152,0.008683853459972864,0.0018995929443690637,7370,G
41,41,FMN,0.026299787169352388,27.64639708117969,0.00015202189115232594,0.005472788081483734,0.020674977196716328,6578,T
42,42,FMN,0.004260395364689844,28.615201090661213,0.0005112474437627812,0.0011929107021131562,0.002556237218813906,5868,C
43,43,FMN,0.011475786091347258,28.716318567821897,0.0004590314436538903,0.001606610052788616,0.009410144594904751,4357,C
44,44,FMN,0.0022284122562674096,28.41912720519963,0.0009285051067780873,0.0003714020427112349,0.0009285051067780873,5385,A
45,45,FMN,0.005433938829374321,28.02685918335662,0.0001552553951249806,0.0007762769756249029,0.0045024064586244375,6441,C
46,46,FMN,0.10388962765957446,28.273271276595743,0.0004986702127659574,0.011968085106382979,0.09142287234042554,6016,G
47,47,FMN,0.006179866644982924,28.470483005366727,0.0,0.0006505122784192552,0.0055293543665636685,6149,A
48,48,FMN,0.002816020025031289,28.256414267834792,0.00046933667083854817,0.0015644555694618273,0.0007822277847309136,6392,A
49,49,FMN,0.0016489281966721632,27.923099985009745,0.0011992205066706642,0.00014990256333383302,0.00029980512666766604,6671,A
50,50,FMN,0.010620689655172414,27.10137931034483,0.0005517241379310345,0.0023448275862068967,0.007724137931034483,7250,G
51,51,FMN,0.006024096385542169,27.4916810097533,0.001434308663224326,0.002868617326448652,0.0017211703958691911,6972,T
52,52,FMN,0.04796599878567092,27.540072859744992,0.0006071645415907711,0.023679417122040074,0.023679417122040074,6588,A
53,53,FMN,0.014471057884231538,27.817697937458416,0.00166333998669328,0.012308715901530274,0.000499001996007984,6012,T
54,54,FMN,0.0050573818323283405,28.214744213188094,0.0036957790313168646,0.001167088115152694,0.00019451468585878233,5141,T
55,55,FMN,0.0035587188612099642,28.023673216772398,0.00030945381401825775,0.002475630512146062,0.0007736345350456444,6463,T
56,56,FMN,0.008816497310221159,27.7919904363419,0.0005977286312014345,0.006724447101016139,0.0014943215780035865,6692,G
57,57,FMN,0.04154957848253713,28.940987555198717,0.0018065034122842231,0.017663588920112404,0.022079486150140507,4982,C
58,58,FMN,0.010564663023679418,28.718761384335156,0.003825136612021858,0.00673952641165756,0.0,5490,T
59,59,FMN,0.00482315112540193,28.84539121114684,0.0021436227224008574,0.0026795284030010718,0.0,3732,T
60,60,FMN,0.001216915120170368,27.84971098265896,0.00045634317006388805,0.0007605719501064801,0.0,6574,T
61,61,FMN,0.004825589411278092,27.18075279194816,0.0005514959327174962,0.003998345512201847,0.0002757479663587481,7253,G
62,62,FMN,0.03829367872729832,27.194988033225396,0.00014078558355624384,0.01787976911164297,0.02027312403209911,7103,A
63,63,FMN,0.03881987577639751,28.13132209405501,0.006433007985803017,0.032165039929015087,0.00022182786157941438,4508,T
64,64,FMN,0.012859767299448868,28.56582976117575,0.006736068585425597,0.0033680342927127987,0.0027556644213104714,3266,T
65,65,FMN,0.05551575931232092,28.421919770773638,0.004297994269340974,0.031697707736389684,0.019520057306590257,5584,T
66,66,FMN,0.009420438255171002,28.452795412656155,0.006348556215441327,0.0012287528158918697,0.0018431292238378046,4883,G
67,67,FMN,0.014552510308028135,28.56318214892069,0.013824884792626729,0.00048508367693427115,0.00024254183846713557,4123,G
68,68,FMN,0.005242868157286045,27.59722436391673,0.0029298380878951427,0.0018504240555127216,0.0004626060138781804,6485,T
69,69,FMN,0.05422515827140104,27.136526286815304,0.0005505092210294523,0.009771538673272778,0.04390311037709882,7266,G
70,70,FMN,0.0019748906756947384,27.244181125687685,0.0009874453378473692,0.0002821272393849626,0.0007053180984624065,7089,A
71,71,FMN,0.002477291494632535,27.127030002752544,0.0,0.00013762730525736306,0.002339664189375172,7266,A
72,72,FMN,0.03468001430103682,27.565069717554522,0.001966392563460851,0.0032177332856632105,0.029495888451912762,5594,A
73,73,FMN,0.02981989961617951,27.556834957189253,0.001919102450546206,0.023914968999114262,0.003985828166519044,6774,T
74,74,FMN,0.006487889273356401,28.886678200692042,0.0012975778546712802,0.0006487889273356401,0.004541522491349481,4624,T
75,75,FMN,0.007398975526465566,28.82033769683172,0.00018971732119142478,0.0037943464238284954,0.003414911781445646,5271,C
76,76,FMN,0.2819362077255971,27.717422663888442,0.010418336271838436,0.12694342041993908,0.14457445103381952,6239,C
77,77,FMN,0.006271379703534778,28.39927784112505,0.004370961611554542,0.0,0.0019004180919802356,5262,A
78,78,FMN,0.010652463382157125,28.411070953015027,0.0013315579227696406,0.005896899372265551,0.0034240060871219328,5257,A
79,79,FMN,0.0220763723150358,29.492840095465393,0.0026849642004773268,0.0008949880668257757,0.018496420047732696,3352,A
80,80,FMN,0.02112676056338028,29.71663313212609,0.003688799463447351,0.001006036217303823,0.01643192488262911,2982,A
81,81,FMN,0.03303303303303303,30.203536870203536,0.011678345011678345,0.01001001001001001,0.011344678011344677,2997,C
82,82,FMN,0.01350298623734095,30.386393144637758,0.007790184367696702,0.0005193456245131135,0.005193456245131135,3851,C
83,83,FMN,0.021211542136441813,28.77278807567361,0.0011465698452130708,0.012994458245748138,0.007070514045480604,5233,G
84,84,FMN,0.013012792236435818,29.00992501102779,0.002867225408028231,0.0011027790030877812,0.009042787825319806,4534,A
85,85,FMN,0.00846262341325811,28.376586741889987,0.0020149103364900263,0.0028208744710860366,0.0036268386056820473,4963,C
86,86,FMN,0.005461496450027308,27.90478791188786,0.0032768978700163844,0.0010922992900054614,0.0010922992900054614,5493,A
87,87,FMN,0.016092327698309494,27.72838101430429,0.00032509752925877764,0.010078023407022107,0.005689206762028608,6152,G
88,88,FMN,0.036980845818319744,28.096908780580314,0.005499715531955243,0.006068651621467855,0.025412478664896643,5273,T
89,89,FMN,0.013160479277155765,28.176389707326656,0.010017678255745434,0.0003928501276762915,0.0027499508937340405,5091,A
90,90,FMN,0.0029571984435797665,27.72684824902724,0.0,0.0028015564202334632,0.0001556420233463035,6425,G
91,91,FMN,0.0012560841576385617,27.49709530538546,0.0003140210394096404,0.0006280420788192808,0.0003140210394096404,6369,A
92,92,FMN,0.007201497911565605,27.265879302895,0.00014402995823131211,0.005329108454558548,0.0017283594987757454,6943,G
93,93,FMN,0.021283899759697907,27.974596635770684,0.002403020940611054,0.008582217645039478,0.010298661174047374,5826,T
94,94,FMN,0.054292929292929296,29.65740740740741,0.014730639730639731,0.027356902356902357,0.012205387205387205,2376,C
95,95,FMN,0.06565143824027073,28.095939086294415,0.0047377326565143825,0.00033840947546531303,0.06057529610829103,5910,T
96,96,FMN,0.013983220135836995,28.614262884538554,0.009188973232121454,0.0013983220135836995,0.0033959248901318418,5006,G
97,97,FMN,0.004665629860031105,28.80533955417315,0.0,0.0023328149300155523,0.0023328149300155523,3858,G
98,98,FMN,0.002618290630259959,28.01701888909669,0.0007480830372171312,0.0011221245558256966,0.0007480830372171312,5347,A
99,99,FMN,0.0430622009569378,27.5536348201883,0.0009260688377836086,0.008334619540052476,0.03380151257910171,6479,T
100,100,FMN,0.004566905160602832,27.49505251940935,0.00045669051606028315,0.0033490637844420766,0.0007611508601004719,6569,G
101,101,FMN,0.0016571256402530884,27.481319674600783,0.00030129557095510696,0.0,0.0013558300692979813,6638,A
102,102,FMN,0.004619332763045338,27.335500427715996,0.00017108639863130882,0.0023952095808383233,0.002053036783575706,5845,G
103,103,FMN,0.0038560411311053984,27.364556555269925,0.00032133676092544985,0.002570694087403599,0.0009640102827763496,6224,A
104,104,FMN,0.0012922281705741185,27.565811334687098,0.00036920804873546244,0.0007384160974709249,0.00018460402436773122,5417,G
105,105,FMN,0.0001632386549134835,27.64299706170421,0.0001632386549134835,0.0,0.0,6126,A
106,106,FMN,0.00014869888475836432,27.385873605947957,0.00014869888475836432,0.0,0.0,6725,A
107,107,FMN,0.0,27.42646833307775,0.0,0.0,0.0,6521,G
108,108,FMN,0.0,27.517418032786885,0.0,0.0,0.0,5856,A
109,109,FMN,0.0,27.970210815765352,0.0,0.0,0.0,4364,T
110,110,FMN,0.0,28.84875084402431,0.0,0.0,0.0,1481,T
111,111,FMN,0.0,29.20979020979021,0.0,0.0,0.0,143,C
