,Position,Mismatch Rate
0,0,0
1,1,0
2,2,0
3,3,0
4,4,0
5,5,0
6,6,1
7,7,0
8,8,48
9,9,15
10,10,27
11,11,2
12,12,2
13,13,4
14,14,7
15,15,1
16,16,2
17,17,13
18,18,1
19,19,5
20,20,1
21,21,161
22,22,20
23,23,40
24,24,22
25,25,1
26,26,3
27,27,0
28,28,0
29,29,14
30,30,147
31,31,229
32,32,8
33,33,8
34,34,2
35,35,4
36,36,2
37,37,0
38,38,16
39,39,23
40,40,2
41,41,1
42,42,3
43,43,2
44,44,5
45,45,1
46,46,3
47,47,0
48,48,3
49,49,8
50,50,4
51,51,10
52,52,4
53,53,10
54,54,19
55,55,2
56,56,4
57,57,9
58,58,21
59,59,8
60,60,3
61,61,4
62,62,1
63,63,29
64,64,22
65,65,24
66,66,31
67,67,57
68,68,19
69,69,4
70,70,7
71,71,0
72,72,11
73,73,13
74,74,6
75,75,1
76,76,65
77,77,23
78,78,7
79,79,9
80,80,11
81,81,35
82,82,30
83,83,6
84,84,13
85,85,10
86,86,18
87,87,2
88,88,29
89,89,51
90,90,0
91,91,2
92,92,1
93,93,14
94,94,35
95,95,28
96,96,46
97,97,0
98,98,4
99,99,6
100,100,3
101,101,2
102,102,1
103,103,2
104,104,2
105,105,1
106,106,1
107,107,0
108,108,0
109,109,0
110,110,0
111,111,0
