,Position,Deletions
0,0,0
1,1,0
2,2,0
3,3,1
4,4,0
5,5,0
6,6,0
7,7,0
8,8,25
9,9,7
10,10,22
11,11,0
12,12,93
13,13,2008
14,14,20
15,15,0
16,16,0
17,17,2
18,18,1046
19,19,5
20,20,676
21,21,249
22,22,149
23,23,248
24,24,93
25,25,6
26,26,6
27,27,5
28,28,459
29,29,11
30,30,11
31,31,7
32,32,10
33,33,31
34,34,15
35,35,1052
36,36,22
37,37,17
38,38,61
39,39,6
40,40,14
41,41,136
42,42,15
43,43,41
44,44,5
45,45,29
46,46,550
47,47,34
48,48,5
49,49,2
50,50,56
51,51,12
52,52,156
53,53,3
54,54,1
55,55,5
56,56,10
57,57,110
58,58,0
59,59,0
60,60,0
61,61,2
62,62,144
63,63,1
64,64,9
65,65,109
66,66,9
67,67,1
68,68,3
69,69,319
70,70,5
71,71,17
72,72,165
73,73,27
74,74,21
75,75,18
76,76,902
77,77,10
78,78,18
79,79,62
80,80,49
81,81,34
82,82,20
83,83,37
84,84,41
85,85,18
86,86,6
87,87,35
88,88,134
89,89,14
90,90,1
91,91,2
92,92,12
93,93,60
94,94,29
95,95,358
96,96,17
97,97,9
98,98,4
99,99,219
100,100,5
101,101,9
102,102,12
103,103,6
104,104,1
105,105,0
106,106,0
107,107,0
108,108,0
109,109,0
110,110,0
111,111,0
